usap_tayo_click,min_report_interval,frequency,doodle_pad_click,news_click,self_assessment,emoji score,buddy_s assessment
clicked,day,hourly,clicked,not_clicked,52,52,54
clicked,week,daily,clicked,clicked,49,70,68
clicked,day,weekly,clicked,not_clicked,70,75,73
not_clicked,hour,half-monthly,not_clicked,not_clicked,27,37,24
not_clicked,week,daily,clicked,not_clicked,56,58,55
clicked,day,half-monthly,clicked,not_clicked,51,63,58
clicked,day,daily,clicked,clicked,68,75,72
not_clicked,day,daily,not_clicked,not_clicked,20,23,19
not_clicked,minute,monthly,not_clicked,clicked,44,44,47
clicked,day,monthly,not_clicked,not_clicked,18,40,30
not_clicked,week,half-monthly,clicked,not_clicked,38,34,32
not_clicked,minute,half-monthly,clicked,not_clicked,20,32,23
clicked,day,monthly,clicked,not_clicked,45,61,53
not_clicked,hour,daily,clicked,clicked,58,52,50
clicked,hour,weekly,clicked,not_clicked,30,33,38
clicked,week,half-monthly,clicked,not_clicked,49,55,58
not_clicked,week,monthly,clicked,not_clicked,68,69,66
clicked,day,half-monthly,not_clicked,not_clicked,-2,12,8
not_clicked,week,weekly,not_clicked,clicked,26,22,26
clicked,week,half-monthly,not_clicked,not_clicked,34,38,41
not_clicked,minute,monthly,clicked,not_clicked,46,49,43
clicked,day,daily,not_clicked,clicked,45,55,50
not_clicked,minute,daily,clicked,not_clicked,24,34,33
clicked,week,half-monthly,clicked,not_clicked,49,53,53
not_clicked,minute,hourly,not_clicked,clicked,54,51,60
not_clicked,hour,weekly,not_clicked,not_clicked,53,54,52
not_clicked,day,daily,clicked,not_clicked,49,34,35
clicked,week,hourly,clicked,not_clicked,47,49,55
not_clicked,week,monthly,clicked,not_clicked,50,50,45
clicked,minute,weekly,clicked,not_clicked,42,50,55
clicked,minute,daily,clicked,not_clicked,49,54,54
clicked,day,daily,clicked,not_clicked,43,45,41
clicked,minute,weekly,not_clicked,not_clicked,36,52,45
not_clicked,minute,daily,clicked,not_clicked,20,22,18
not_clicked,minute,daily,clicked,not_clicked,77,67,62
not_clicked,minute,half-monthly,clicked,clicked,61,61,59
clicked,minute,half-monthly,clicked,not_clicked,54,61,63
clicked,minute,half-monthly,not_clicked,not_clicked,30,44,39
clicked,minute,half-monthly,not_clicked,clicked,55,70,68
not_clicked,day,half-monthly,not_clicked,not_clicked,37,36,37
not_clicked,week,half-monthly,not_clicked,not_clicked,35,41,34
clicked,week,half-monthly,clicked,not_clicked,38,53,48
clicked,day,half-monthly,clicked,not_clicked,33,38,45
not_clicked,day,daily,not_clicked,clicked,39,45,46
clicked,minute,half-monthly,not_clicked,not_clicked,30,36,34
not_clicked,day,half-monthly,clicked,not_clicked,45,34,37
clicked,hour,half-monthly,clicked,clicked,35,45,42
clicked,week,monthly,clicked,not_clicked,46,51,56
clicked,minute,half-monthly,not_clicked,clicked,37,54,56
not_clicked,week,monthly,clicked,clicked,62,64,62
not_clicked,minute,daily,clicked,not_clicked,33,35,28
not_clicked,minute,half-monthly,not_clicked,clicked,57,49,48
not_clicked,week,daily,clicked,not_clicked,33,24,22
not_clicked,minute,monthly,clicked,not_clicked,68,58,55
clicked,week,half-monthly,not_clicked,clicked,51,64,67
clicked,week,monthly,not_clicked,not_clicked,13,21,23
clicked,minute,half-monthly,clicked,clicked,62,65,66
not_clicked,minute,half-monthly,clicked,not_clicked,32,35,29
not_clicked,minute,daily,clicked,clicked,38,39,38
clicked,week,half-monthly,not_clicked,not_clicked,-20,-3,-10
not_clicked,minute,hourly,not_clicked,clicked,59,54,52
not_clicked,hour,half-monthly,not_clicked,not_clicked,19,19,14
not_clicked,hour,half-monthly,not_clicked,not_clicked,42,41,35
clicked,week,half-monthly,clicked,not_clicked,49,60,51
clicked,minute,half-monthly,clicked,not_clicked,39,38,39
not_clicked,day,half-monthly,clicked,not_clicked,47,44,41
not_clicked,minute,half-monthly,not_clicked,not_clicked,25,17,17
clicked,week,daily,clicked,not_clicked,40,52,54
not_clicked,day,half-monthly,not_clicked,not_clicked,41,38,36
clicked,week,half-monthly,clicked,not_clicked,19,44,37
clicked,minute,daily,not_clicked,clicked,38,43,53
not_clicked,minute,daily,clicked,clicked,43,35,43
clicked,hour,half-monthly,not_clicked,not_clicked,21,31,28
not_clicked,week,half-monthly,not_clicked,not_clicked,41,37,36
not_clicked,week,half-monthly,clicked,not_clicked,29,29,21
not_clicked,day,half-monthly,not_clicked,not_clicked,24,21,18
not_clicked,minute,half-monthly,clicked,not_clicked,10,6,2
not_clicked,hour,hourly,clicked,clicked,60,58,61
clicked,minute,half-monthly,clicked,clicked,41,54,52
clicked,minute,weekly,clicked,not_clicked,42,48,48
clicked,day,half-monthly,clicked,not_clicked,27,29,30
not_clicked,day,monthly,not_clicked,not_clicked,29,25,25
not_clicked,hour,daily,not_clicked,clicked,30,27,34
not_clicked,minute,half-monthly,clicked,not_clicked,52,44,43
not_clicked,minute,monthly,not_clicked,not_clicked,22,19,14
clicked,week,daily,clicked,not_clicked,53,60,62
clicked,week,daily,not_clicked,not_clicked,56,63,68
clicked,minute,half-monthly,clicked,not_clicked,51,51,54
clicked,hour,daily,clicked,not_clicked,38,50,47
clicked,minute,half-monthly,clicked,not_clicked,53,66,62
clicked,week,hourly,clicked,not_clicked,45,52,54
not_clicked,week,monthly,not_clicked,not_clicked,7,14,16
not_clicked,week,monthly,clicked,not_clicked,51,59,51
not_clicked,week,half-monthly,not_clicked,clicked,23,25,30
clicked,day,daily,clicked,not_clicked,59,66,72
not_clicked,week,half-monthly,not_clicked,clicked,58,61,62
not_clicked,day,half-monthly,clicked,clicked,45,46,42
clicked,minute,daily,clicked,clicked,43,52,50
clicked,minute,daily,not_clicked,not_clicked,38,47,42
clicked,minute,hourly,clicked,not_clicked,45,47,42
not_clicked,day,daily,clicked,not_clicked,59,47,47
not_clicked,minute,hourly,clicked,clicked,48,54,54
clicked,minute,half-monthly,clicked,not_clicked,65,71,69
not_clicked,day,monthly,clicked,clicked,40,24,27
not_clicked,week,daily,clicked,clicked,78,66,70
clicked,week,daily,clicked,not_clicked,38,47,52
clicked,minute,weekly,clicked,not_clicked,67,80,80
not_clicked,minute,half-monthly,clicked,clicked,46,43,44
clicked,day,half-monthly,not_clicked,not_clicked,32,56,50
clicked,day,half-monthly,clicked,not_clicked,50,44,52
clicked,minute,half-monthly,not_clicked,clicked,57,69,78
not_clicked,week,monthly,clicked,not_clicked,42,35,29
not_clicked,hour,half-monthly,clicked,not_clicked,34,33,27
clicked,minute,daily,clicked,not_clicked,31,38,34
clicked,minute,hourly,clicked,clicked,79,80,80
not_clicked,week,monthly,clicked,not_clicked,64,57,54
clicked,day,hourly,not_clicked,not_clicked,55,65,62
clicked,minute,hourly,clicked,not_clicked,58,62,59
clicked,minute,half-monthly,clicked,not_clicked,31,43,41
clicked,week,daily,clicked,not_clicked,35,49,45
clicked,week,hourly,clicked,clicked,59,72,69
not_clicked,day,half-monthly,clicked,clicked,71,69,72
clicked,week,daily,clicked,clicked,68,73,73
not_clicked,minute,monthly,not_clicked,not_clicked,43,37,36
not_clicked,minute,daily,clicked,not_clicked,63,60,53
clicked,day,monthly,clicked,not_clicked,67,75,66
not_clicked,day,half-monthly,clicked,not_clicked,52,48,47
not_clicked,minute,daily,clicked,clicked,45,57,54
not_clicked,minute,weekly,clicked,not_clicked,62,62,54
clicked,hour,hourly,clicked,not_clicked,31,29,31
not_clicked,minute,weekly,clicked,not_clicked,69,64,62
not_clicked,week,half-monthly,not_clicked,clicked,33,17,20
not_clicked,minute,daily,not_clicked,clicked,67,54,50
clicked,week,daily,clicked,clicked,55,61,64
not_clicked,minute,hourly,not_clicked,clicked,54,59,55
not_clicked,week,hourly,clicked,not_clicked,38,35,28
not_clicked,day,half-monthly,clicked,clicked,31,34,21
not_clicked,minute,monthly,clicked,not_clicked,50,35,36
clicked,week,half-monthly,clicked,not_clicked,39,46,47
not_clicked,minute,daily,clicked,clicked,51,41,49
clicked,minute,half-monthly,clicked,not_clicked,56,52,51
clicked,week,daily,not_clicked,not_clicked,39,42,44
clicked,minute,daily,not_clicked,clicked,22,35,34
not_clicked,hour,monthly,clicked,not_clicked,37,23,27
not_clicked,minute,daily,clicked,not_clicked,68,53,58
clicked,week,daily,not_clicked,not_clicked,2,19,13
not_clicked,day,half-monthly,clicked,not_clicked,68,64,55
not_clicked,week,half-monthly,not_clicked,not_clicked,53,48,46
clicked,minute,hourly,clicked,clicked,48,55,61
not_clicked,minute,half-monthly,not_clicked,clicked,80,80,73
not_clicked,hour,half-monthly,clicked,clicked,42,47,49
not_clicked,hour,hourly,clicked,not_clicked,57,47,48
clicked,day,half-monthly,clicked,clicked,39,50,46
not_clicked,minute,hourly,clicked,not_clicked,34,29,27
not_clicked,minute,half-monthly,clicked,not_clicked,42,47,41
clicked,week,daily,clicked,clicked,50,69,68
clicked,minute,monthly,not_clicked,clicked,46,54,58
not_clicked,day,daily,not_clicked,not_clicked,40,40,40
clicked,day,half-monthly,clicked,clicked,41,66,67
not_clicked,minute,half-monthly,not_clicked,not_clicked,46,42,44
not_clicked,day,half-monthly,not_clicked,clicked,62,58,54
clicked,minute,daily,not_clicked,clicked,55,68,65
not_clicked,day,weekly,not_clicked,not_clicked,29,33,32
not_clicked,week,monthly,clicked,not_clicked,32,33,29
clicked,minute,weekly,clicked,not_clicked,61,72,71
clicked,week,hourly,clicked,clicked,76,80,80
not_clicked,week,monthly,not_clicked,clicked,33,31,31
clicked,day,weekly,not_clicked,clicked,38,56,58
clicked,day,monthly,clicked,clicked,48,63,58
clicked,week,daily,not_clicked,clicked,47,55,50
not_clicked,hour,monthly,clicked,clicked,52,53,54
not_clicked,minute,half-monthly,clicked,not_clicked,74,68,58
clicked,minute,daily,clicked,not_clicked,59,66,61
clicked,week,half-monthly,clicked,not_clicked,43,47,50
clicked,week,hourly,not_clicked,clicked,23,31,34
clicked,week,weekly,clicked,clicked,61,71,67
clicked,day,monthly,not_clicked,clicked,26,34,38
clicked,week,half-monthly,clicked,clicked,51,57,57
clicked,day,weekly,not_clicked,clicked,32,50,42
clicked,minute,half-monthly,clicked,clicked,77,80,80
not_clicked,week,weekly,not_clicked,clicked,42,48,55
clicked,week,daily,not_clicked,not_clicked,26,44,46
clicked,minute,monthly,clicked,not_clicked,30,30,27
clicked,minute,half-monthly,clicked,not_clicked,45,49,50
not_clicked,week,half-monthly,not_clicked,clicked,25,32,29
not_clicked,week,half-monthly,not_clicked,clicked,45,47,45
not_clicked,minute,monthly,clicked,not_clicked,60,56,45
not_clicked,minute,half-monthly,clicked,clicked,42,46,48
not_clicked,day,half-monthly,not_clicked,not_clicked,28,32,25
clicked,week,hourly,clicked,not_clicked,57,68,67
clicked,minute,half-monthly,clicked,not_clicked,46,45,49
not_clicked,minute,daily,clicked,clicked,56,63,59
clicked,day,half-monthly,clicked,not_clicked,42,44,46
not_clicked,minute,daily,clicked,clicked,57,42,42
clicked,week,weekly,clicked,clicked,49,64,65
not_clicked,minute,half-monthly,clicked,not_clicked,41,35,32
not_clicked,week,half-monthly,not_clicked,clicked,39,49,45
not_clicked,minute,monthly,not_clicked,not_clicked,35,36,31
clicked,day,daily,not_clicked,not_clicked,25,33,35
clicked,day,hourly,not_clicked,not_clicked,58,59,56
clicked,week,half-monthly,clicked,clicked,47,64,66
clicked,minute,daily,not_clicked,not_clicked,45,61,57
not_clicked,week,half-monthly,clicked,not_clicked,49,57,49
clicked,day,half-monthly,clicked,not_clicked,37,49,48
not_clicked,week,daily,clicked,not_clicked,39,21,22
not_clicked,minute,half-monthly,clicked,clicked,54,51,58
not_clicked,minute,hourly,clicked,not_clicked,62,42,42
not_clicked,minute,monthly,clicked,clicked,61,60,56
clicked,day,daily,not_clicked,not_clicked,54,61,56
clicked,day,daily,not_clicked,not_clicked,38,41,46
not_clicked,minute,half-monthly,not_clicked,clicked,60,59,59
not_clicked,week,daily,not_clicked,not_clicked,15,8,7
clicked,week,monthly,not_clicked,not_clicked,22,42,40
not_clicked,week,half-monthly,not_clicked,clicked,40,31,36
not_clicked,minute,monthly,clicked,clicked,67,71,61
not_clicked,day,half-monthly,clicked,clicked,64,63,55
clicked,minute,half-monthly,not_clicked,clicked,63,66,68
clicked,week,monthly,not_clicked,not_clicked,14,22,19
not_clicked,day,monthly,not_clicked,not_clicked,46,57,50
not_clicked,day,half-monthly,clicked,clicked,41,36,36
clicked,minute,monthly,clicked,clicked,36,48,54
not_clicked,day,half-monthly,clicked,not_clicked,67,65,53
clicked,week,half-monthly,not_clicked,not_clicked,35,45,42
not_clicked,minute,half-monthly,clicked,not_clicked,66,60,55
clicked,day,half-monthly,clicked,clicked,32,46,53
clicked,minute,weekly,not_clicked,not_clicked,25,36,34
clicked,week,daily,clicked,not_clicked,52,52,51
not_clicked,minute,monthly,clicked,not_clicked,37,30,34
not_clicked,hour,half-monthly,not_clicked,not_clicked,48,52,44
clicked,week,daily,clicked,clicked,68,75,74
not_clicked,minute,daily,clicked,not_clicked,56,44,46
not_clicked,week,half-monthly,clicked,not_clicked,26,23,22
clicked,day,hourly,clicked,not_clicked,47,66,63
not_clicked,minute,half-monthly,clicked,not_clicked,72,67,58
not_clicked,week,hourly,clicked,clicked,63,62,64
not_clicked,minute,half-monthly,clicked,not_clicked,60,55,57
not_clicked,minute,hourly,not_clicked,not_clicked,43,46,47
clicked,minute,half-monthly,clicked,clicked,44,40,54
not_clicked,day,daily,clicked,not_clicked,34,32,31
not_clicked,week,half-monthly,clicked,not_clicked,64,60,60
not_clicked,minute,monthly,not_clicked,clicked,53,48,46
clicked,minute,hourly,clicked,not_clicked,60,63,63
clicked,minute,monthly,clicked,not_clicked,36,32,35
not_clicked,minute,daily,clicked,not_clicked,39,31,23
not_clicked,minute,half-monthly,clicked,not_clicked,55,54,49
not_clicked,week,half-monthly,clicked,not_clicked,65,56,51
not_clicked,minute,half-monthly,clicked,not_clicked,69,56,54
clicked,day,monthly,clicked,clicked,38,50,48
clicked,day,monthly,clicked,not_clicked,45,44,42
not_clicked,week,monthly,clicked,not_clicked,48,40,33
not_clicked,hour,half-monthly,clicked,clicked,27,29,29
clicked,minute,daily,not_clicked,not_clicked,51,63,63
clicked,day,half-monthly,clicked,clicked,40,50,50
not_clicked,minute,weekly,clicked,not_clicked,60,60,52
not_clicked,minute,monthly,clicked,not_clicked,34,32,32
clicked,minute,daily,clicked,not_clicked,42,53,50
clicked,week,half-monthly,not_clicked,not_clicked,44,53,48
not_clicked,week,half-monthly,clicked,clicked,58,57,57
clicked,day,daily,clicked,not_clicked,50,55,58
clicked,week,weekly,not_clicked,clicked,45,61,61
clicked,week,half-monthly,not_clicked,clicked,44,59,57
not_clicked,week,daily,clicked,clicked,59,59,58
clicked,week,half-monthly,not_clicked,not_clicked,24,30,31
clicked,minute,monthly,clicked,not_clicked,79,73,70
not_clicked,minute,monthly,clicked,not_clicked,56,53,48
not_clicked,minute,half-monthly,not_clicked,not_clicked,39,22,21
clicked,week,hourly,clicked,not_clicked,43,55,61
clicked,minute,monthly,clicked,not_clicked,49,52,57
clicked,minute,half-monthly,clicked,clicked,68,72,75
clicked,minute,daily,not_clicked,not_clicked,51,56,50
not_clicked,week,hourly,clicked,not_clicked,49,43,41
not_clicked,week,daily,clicked,not_clicked,38,29,22
clicked,minute,half-monthly,not_clicked,not_clicked,27,33,38
clicked,minute,daily,clicked,not_clicked,45,50,51
not_clicked,day,daily,clicked,clicked,68,65,56
not_clicked,week,hourly,clicked,not_clicked,63,58,53
clicked,week,half-monthly,clicked,clicked,65,72,73
clicked,minute,monthly,clicked,clicked,39,43,55
clicked,week,half-monthly,not_clicked,not_clicked,45,66,60
not_clicked,day,hourly,not_clicked,not_clicked,53,36,37
not_clicked,minute,monthly,clicked,not_clicked,33,32,22
not_clicked,minute,monthly,clicked,not_clicked,25,28,26
clicked,minute,hourly,not_clicked,not_clicked,53,59,64
clicked,minute,daily,not_clicked,clicked,50,58,58
clicked,day,half-monthly,clicked,not_clicked,17,26,26
not_clicked,day,half-monthly,clicked,clicked,61,62,62
not_clicked,minute,half-monthly,clicked,clicked,77,62,68
clicked,day,half-monthly,clicked,not_clicked,47,69,62
not_clicked,day,hourly,not_clicked,not_clicked,68,55,56
not_clicked,minute,half-monthly,clicked,clicked,57,56,57
not_clicked,week,half-monthly,clicked,not_clicked,56,50,48
not_clicked,minute,half-monthly,clicked,not_clicked,66,53,50
not_clicked,week,half-monthly,clicked,clicked,43,40,37
clicked,minute,hourly,clicked,not_clicked,45,53,55
not_clicked,minute,monthly,not_clicked,clicked,58,57,60
not_clicked,day,half-monthly,not_clicked,not_clicked,47,42,40
not_clicked,hour,half-monthly,clicked,clicked,26,21,23
not_clicked,minute,half-monthly,clicked,clicked,51,54,48
not_clicked,week,monthly,not_clicked,clicked,20,26,30
not_clicked,minute,half-monthly,not_clicked,not_clicked,70,67,55
not_clicked,hour,daily,not_clicked,clicked,61,58,61
not_clicked,minute,half-monthly,not_clicked,not_clicked,36,34,32
clicked,week,half-monthly,clicked,clicked,47,64,61
not_clicked,day,half-monthly,clicked,not_clicked,60,56,44
clicked,week,half-monthly,clicked,clicked,54,55,63
not_clicked,hour,daily,clicked,not_clicked,49,47,49
not_clicked,minute,daily,clicked,clicked,79,67,61
not_clicked,week,half-monthly,clicked,not_clicked,31,32,24
clicked,day,half-monthly,not_clicked,not_clicked,33,51,47
clicked,minute,monthly,not_clicked,not_clicked,29,37,32
clicked,day,half-monthly,clicked,not_clicked,53,56,60
not_clicked,day,hourly,clicked,not_clicked,46,40,37
not_clicked,minute,hourly,clicked,clicked,47,41,48
clicked,week,half-monthly,not_clicked,clicked,48,47,49
clicked,week,hourly,clicked,clicked,39,44,55
not_clicked,week,monthly,clicked,not_clicked,51,46,45
clicked,minute,weekly,clicked,clicked,57,62,71
not_clicked,week,half-monthly,clicked,not_clicked,63,52,58
not_clicked,day,hourly,clicked,not_clicked,43,51,49
clicked,minute,half-monthly,not_clicked,not_clicked,36,45,43
clicked,week,monthly,not_clicked,clicked,47,59,64
clicked,minute,monthly,clicked,not_clicked,55,66,59
clicked,week,daily,clicked,not_clicked,51,61,60
clicked,week,half-monthly,not_clicked,not_clicked,23,33,33
clicked,week,monthly,not_clicked,not_clicked,21,26,23
clicked,week,daily,clicked,not_clicked,62,70,74
not_clicked,week,daily,clicked,not_clicked,41,41,42
not_clicked,hour,daily,not_clicked,not_clicked,8,3,1
not_clicked,week,half-monthly,clicked,clicked,62,55,57
clicked,day,half-monthly,clicked,not_clicked,21,35,31
not_clicked,week,monthly,clicked,not_clicked,51,40,41
not_clicked,week,half-monthly,clicked,not_clicked,27,17,15
not_clicked,minute,half-monthly,clicked,clicked,42,36,33
not_clicked,day,half-monthly,clicked,not_clicked,70,58,61
clicked,week,hourly,clicked,not_clicked,63,73,75
clicked,day,daily,not_clicked,not_clicked,41,48,46
not_clicked,minute,half-monthly,clicked,clicked,56,50,49
not_clicked,week,half-monthly,clicked,not_clicked,29,31,23
clicked,day,half-monthly,not_clicked,not_clicked,4,18,7
clicked,minute,half-monthly,not_clicked,clicked,15,35,40
not_clicked,week,monthly,not_clicked,not_clicked,38,41,32
clicked,week,monthly,clicked,not_clicked,41,53,43
clicked,day,monthly,clicked,clicked,49,56,54
not_clicked,minute,half-monthly,clicked,clicked,47,52,47
not_clicked,minute,daily,clicked,not_clicked,59,53,47
clicked,week,monthly,clicked,not_clicked,52,60,55
not_clicked,day,daily,clicked,not_clicked,42,41,37
clicked,week,hourly,clicked,clicked,57,74,75
not_clicked,minute,monthly,not_clicked,not_clicked,55,54,46
not_clicked,minute,half-monthly,clicked,not_clicked,67,54,56
clicked,day,hourly,clicked,not_clicked,32,45,49
not_clicked,minute,daily,clicked,not_clicked,46,37,32
clicked,week,daily,clicked,clicked,43,58,60
clicked,week,half-monthly,clicked,not_clicked,26,38,37
clicked,week,daily,clicked,not_clicked,39,51,50
clicked,day,hourly,clicked,not_clicked,41,52,50
not_clicked,hour,half-monthly,clicked,not_clicked,43,41,41
clicked,week,daily,not_clicked,clicked,22,46,49
not_clicked,minute,daily,not_clicked,not_clicked,39,42,41
clicked,minute,daily,clicked,not_clicked,60,70,69
clicked,day,monthly,clicked,not_clicked,38,42,39
not_clicked,day,half-monthly,clicked,clicked,65,64,58
clicked,week,daily,clicked,not_clicked,32,38,38
clicked,minute,half-monthly,not_clicked,not_clicked,7,14,12
not_clicked,week,daily,clicked,not_clicked,39,40,38
not_clicked,hour,hourly,not_clicked,clicked,29,38,40
not_clicked,week,monthly,clicked,clicked,49,38,33
not_clicked,week,hourly,not_clicked,not_clicked,41,46,41
clicked,hour,half-monthly,not_clicked,not_clicked,24,44,38
clicked,minute,half-monthly,clicked,not_clicked,53,64,65
not_clicked,minute,daily,clicked,not_clicked,64,57,51
clicked,week,daily,not_clicked,clicked,25,53,50
not_clicked,minute,half-monthly,clicked,not_clicked,54,54,52
clicked,minute,daily,clicked,clicked,62,77,76
clicked,minute,hourly,clicked,not_clicked,39,50,53
not_clicked,minute,half-monthly,not_clicked,not_clicked,26,23,21
clicked,minute,half-monthly,clicked,not_clicked,60,70,62
clicked,minute,weekly,not_clicked,clicked,65,75,80
clicked,hour,half-monthly,clicked,not_clicked,51,63,57
not_clicked,hour,hourly,clicked,not_clicked,46,44,42
clicked,day,half-monthly,clicked,not_clicked,60,66,63
not_clicked,week,half-monthly,clicked,clicked,67,80,75
not_clicked,week,weekly,not_clicked,not_clicked,59,61,51
clicked,minute,half-monthly,not_clicked,not_clicked,18,29,25
clicked,hour,half-monthly,not_clicked,not_clicked,18,23,23
clicked,minute,daily,clicked,not_clicked,47,56,55
clicked,minute,hourly,clicked,not_clicked,44,53,50
clicked,week,half-monthly,not_clicked,not_clicked,37,58,47
clicked,minute,monthly,clicked,not_clicked,42,44,44
not_clicked,minute,weekly,clicked,not_clicked,53,50,55
not_clicked,minute,half-monthly,not_clicked,clicked,53,47,39
clicked,minute,daily,clicked,not_clicked,57,48,57
not_clicked,minute,daily,clicked,not_clicked,56,47,47
not_clicked,week,half-monthly,clicked,clicked,37,34,36
clicked,week,half-monthly,clicked,clicked,45,54,57
not_clicked,hour,monthly,not_clicked,not_clicked,28,25,21
clicked,day,monthly,not_clicked,not_clicked,30,47,43
clicked,week,half-monthly,clicked,not_clicked,65,69,75
not_clicked,day,half-monthly,clicked,not_clicked,54,43,37
not_clicked,minute,half-monthly,clicked,not_clicked,40,39,34
clicked,week,half-monthly,clicked,clicked,39,34,47
not_clicked,hour,daily,clicked,not_clicked,33,23,23
clicked,hour,daily,not_clicked,not_clicked,29,45,35
clicked,minute,monthly,clicked,clicked,68,79,80
clicked,week,monthly,clicked,not_clicked,34,39,42
clicked,week,half-monthly,clicked,not_clicked,43,53,48
not_clicked,day,half-monthly,clicked,clicked,45,45,43
clicked,day,half-monthly,clicked,not_clicked,62,60,57
clicked,minute,monthly,not_clicked,clicked,32,37,36
not_clicked,minute,half-monthly,clicked,clicked,67,64,65
clicked,minute,weekly,clicked,clicked,50,51,54
not_clicked,minute,daily,clicked,clicked,64,63,58
not_clicked,minute,half-monthly,clicked,not_clicked,51,46,40
not_clicked,day,half-monthly,clicked,clicked,43,47,47
clicked,week,hourly,not_clicked,clicked,31,52,59
not_clicked,minute,monthly,clicked,not_clicked,64,53,49
not_clicked,week,hourly,clicked,clicked,51,54,48
not_clicked,week,half-monthly,clicked,not_clicked,54,53,47
not_clicked,minute,daily,clicked,not_clicked,48,39,42
not_clicked,minute,monthly,not_clicked,clicked,37,36,34
clicked,week,half-monthly,not_clicked,clicked,62,73,73
clicked,minute,monthly,clicked,clicked,37,38,44
clicked,minute,weekly,not_clicked,clicked,27,38,47
clicked,hour,half-monthly,clicked,clicked,39,65,60
not_clicked,day,daily,not_clicked,not_clicked,21,19,14
clicked,week,daily,not_clicked,not_clicked,42,47,42
not_clicked,week,hourly,clicked,not_clicked,66,63,66
not_clicked,week,half-monthly,not_clicked,not_clicked,49,51,45
not_clicked,hour,half-monthly,not_clicked,not_clicked,45,39,33
not_clicked,week,half-monthly,not_clicked,not_clicked,48,43,34
not_clicked,week,half-monthly,not_clicked,not_clicked,44,46,39
clicked,week,monthly,clicked,not_clicked,41,52,50
not_clicked,week,monthly,clicked,not_clicked,41,36,35
clicked,hour,half-monthly,not_clicked,not_clicked,27,39,30
not_clicked,week,half-monthly,clicked,not_clicked,53,46,46
not_clicked,week,daily,not_clicked,clicked,30,28,33
not_clicked,minute,half-monthly,clicked,not_clicked,55,48,44
not_clicked,minute,half-monthly,not_clicked,not_clicked,55,46,53
not_clicked,week,monthly,clicked,not_clicked,50,36,31
not_clicked,minute,half-monthly,clicked,clicked,69,68,62
clicked,week,daily,clicked,clicked,47,61,59
clicked,minute,monthly,clicked,not_clicked,58,61,60
clicked,hour,half-monthly,not_clicked,not_clicked,39,53,49
clicked,day,half-monthly,clicked,not_clicked,53,63,56
not_clicked,hour,half-monthly,not_clicked,not_clicked,59,62,53
clicked,week,half-monthly,clicked,clicked,47,54,57
not_clicked,minute,daily,not_clicked,not_clicked,49,46,40
not_clicked,week,monthly,clicked,clicked,66,61,60
not_clicked,day,monthly,clicked,not_clicked,27,26,22
not_clicked,day,half-monthly,clicked,not_clicked,61,53,52
clicked,week,daily,not_clicked,clicked,44,65,65
clicked,minute,daily,clicked,not_clicked,80,72,77
clicked,week,half-monthly,not_clicked,not_clicked,45,57,54
not_clicked,week,daily,not_clicked,not_clicked,45,38,29
clicked,week,half-monthly,not_clicked,not_clicked,33,41,42
not_clicked,week,hourly,not_clicked,not_clicked,17,36,27
clicked,minute,hourly,clicked,not_clicked,59,69,69
not_clicked,minute,half-monthly,not_clicked,not_clicked,33,34,28
clicked,minute,hourly,clicked,not_clicked,80,80,80
not_clicked,day,monthly,clicked,clicked,52,45,48
not_clicked,week,hourly,not_clicked,not_clicked,33,38,35
not_clicked,day,daily,not_clicked,not_clicked,34,34,25
clicked,minute,daily,clicked,not_clicked,51,50,56
clicked,week,daily,not_clicked,not_clicked,57,70,71
not_clicked,hour,hourly,clicked,clicked,55,38,42
clicked,week,daily,clicked,not_clicked,64,67,71
clicked,minute,half-monthly,not_clicked,not_clicked,6,11,18
not_clicked,hour,monthly,not_clicked,clicked,52,47,45
clicked,hour,monthly,not_clicked,clicked,57,68,65
not_clicked,week,daily,clicked,not_clicked,71,54,56
clicked,week,half-monthly,clicked,clicked,63,65,70
clicked,week,monthly,clicked,not_clicked,43,49,54
clicked,week,half-monthly,clicked,clicked,48,66,64
clicked,minute,half-monthly,clicked,not_clicked,39,47,41
clicked,day,half-monthly,clicked,clicked,70,70,71
clicked,minute,hourly,clicked,clicked,51,56,63
not_clicked,minute,hourly,clicked,clicked,56,42,46
not_clicked,minute,half-monthly,clicked,not_clicked,60,48,52
clicked,minute,weekly,clicked,not_clicked,35,44,50
not_clicked,minute,half-monthly,clicked,not_clicked,56,51,47
not_clicked,day,monthly,clicked,clicked,53,51,48
clicked,minute,half-monthly,not_clicked,not_clicked,32,39,36
not_clicked,week,daily,not_clicked,not_clicked,48,48,41
not_clicked,hour,monthly,clicked,not_clicked,39,32,26
clicked,day,half-monthly,clicked,not_clicked,29,32,34
not_clicked,week,monthly,clicked,not_clicked,50,54,51
not_clicked,minute,daily,not_clicked,not_clicked,41,27,36
clicked,week,half-monthly,not_clicked,not_clicked,40,55,54
not_clicked,day,half-monthly,clicked,clicked,44,33,37
not_clicked,hour,half-monthly,not_clicked,clicked,59,62,62
clicked,hour,half-monthly,not_clicked,not_clicked,45,65,56
clicked,week,half-monthly,clicked,not_clicked,44,44,50
clicked,week,daily,clicked,not_clicked,63,63,70
clicked,week,hourly,clicked,not_clicked,61,68,70
clicked,day,monthly,clicked,not_clicked,34,44,48
not_clicked,minute,monthly,clicked,clicked,48,44,46
clicked,week,daily,clicked,not_clicked,34,28,32
clicked,minute,daily,not_clicked,clicked,39,58,56
clicked,day,half-monthly,clicked,not_clicked,46,49,48
not_clicked,minute,daily,clicked,not_clicked,56,51,52
clicked,minute,weekly,clicked,not_clicked,54,59,62
clicked,day,half-monthly,clicked,clicked,74,67,72
not_clicked,week,daily,not_clicked,not_clicked,43,41,34
clicked,minute,half-monthly,clicked,clicked,75,69,72
clicked,minute,weekly,not_clicked,not_clicked,20,39,34
clicked,day,half-monthly,clicked,not_clicked,62,62,60
not_clicked,hour,monthly,clicked,not_clicked,48,50,46
not_clicked,day,hourly,not_clicked,not_clicked,35,39,34
not_clicked,week,weekly,clicked,not_clicked,59,58,57
clicked,week,hourly,clicked,not_clicked,66,72,67
not_clicked,minute,daily,clicked,not_clicked,56,51,53
not_clicked,hour,half-monthly,clicked,not_clicked,44,30,23
not_clicked,minute,half-monthly,not_clicked,not_clicked,42,29,32
clicked,day,half-monthly,clicked,clicked,34,41,42
clicked,day,weekly,not_clicked,clicked,57,77,74
clicked,week,half-monthly,clicked,clicked,56,67,65
clicked,minute,daily,clicked,not_clicked,54,69,64
clicked,minute,daily,clicked,clicked,46,54,53
clicked,minute,half-monthly,clicked,clicked,46,58,58
clicked,day,monthly,not_clicked,clicked,47,58,59
not_clicked,minute,daily,clicked,not_clicked,51,29,32
clicked,week,half-monthly,clicked,not_clicked,71,66,64
not_clicked,minute,hourly,clicked,not_clicked,49,38,37
not_clicked,week,weekly,not_clicked,not_clicked,34,39,30
not_clicked,week,monthly,clicked,clicked,33,32,29
not_clicked,minute,daily,clicked,not_clicked,48,40,39
not_clicked,week,half-monthly,not_clicked,clicked,36,41,40
clicked,week,monthly,not_clicked,not_clicked,16,33,23
clicked,minute,hourly,not_clicked,not_clicked,9,21,27
clicked,week,half-monthly,clicked,not_clicked,42,54,50
clicked,week,half-monthly,clicked,clicked,48,47,53
clicked,week,half-monthly,clicked,not_clicked,27,34,33
not_clicked,minute,half-monthly,clicked,clicked,42,41,38
clicked,minute,half-monthly,clicked,clicked,59,68,74
not_clicked,day,monthly,clicked,clicked,53,49,48
clicked,week,hourly,not_clicked,clicked,46,63,63
not_clicked,week,half-monthly,clicked,clicked,31,40,38
clicked,minute,monthly,clicked,not_clicked,31,46,42
not_clicked,minute,hourly,clicked,clicked,65,46,51
not_clicked,hour,half-monthly,clicked,clicked,77,72,66
not_clicked,week,monthly,clicked,clicked,55,49,48
not_clicked,minute,half-monthly,not_clicked,clicked,59,62,60
clicked,week,half-monthly,clicked,not_clicked,61,57,59
clicked,minute,half-monthly,clicked,not_clicked,62,75,69
clicked,minute,weekly,clicked,not_clicked,44,43,46
not_clicked,minute,half-monthly,not_clicked,clicked,58,63,60
clicked,hour,half-monthly,clicked,clicked,72,80,77
not_clicked,week,monthly,clicked,clicked,52,47,44
clicked,week,monthly,not_clicked,not_clicked,42,47,44
not_clicked,week,weekly,clicked,not_clicked,59,52,49
not_clicked,week,half-monthly,not_clicked,not_clicked,59,56,45
not_clicked,day,hourly,not_clicked,clicked,67,70,68
clicked,day,half-monthly,clicked,not_clicked,20,28,30
not_clicked,minute,daily,not_clicked,not_clicked,57,42,44
not_clicked,minute,half-monthly,clicked,not_clicked,33,25,20
clicked,week,daily,not_clicked,not_clicked,12,19,13
clicked,week,half-monthly,clicked,clicked,35,52,59
not_clicked,week,weekly,not_clicked,not_clicked,41,47,46
clicked,day,half-monthly,not_clicked,not_clicked,33,50,50
not_clicked,minute,half-monthly,clicked,not_clicked,53,46,42
clicked,minute,daily,clicked,clicked,54,55,59
clicked,week,daily,clicked,not_clicked,43,54,54
not_clicked,week,hourly,clicked,clicked,76,70,72
clicked,minute,daily,not_clicked,clicked,43,60,60
not_clicked,day,hourly,not_clicked,not_clicked,28,31,26
not_clicked,day,half-monthly,clicked,not_clicked,28,23,25
clicked,minute,hourly,not_clicked,clicked,72,80,80
clicked,minute,weekly,not_clicked,clicked,41,51,58
not_clicked,day,monthly,not_clicked,not_clicked,43,28,27
not_clicked,minute,hourly,not_clicked,not_clicked,48,48,47
not_clicked,day,daily,clicked,clicked,51,55,50
not_clicked,hour,hourly,clicked,not_clicked,71,76,72
clicked,week,daily,clicked,not_clicked,33,42,36
clicked,week,monthly,not_clicked,clicked,30,46,44
clicked,minute,monthly,clicked,not_clicked,54,61,51
not_clicked,hour,half-monthly,not_clicked,clicked,20,35,33
not_clicked,hour,daily,clicked,clicked,41,31,32
clicked,day,monthly,clicked,not_clicked,61,71,69
clicked,day,daily,not_clicked,clicked,28,36,38
clicked,minute,weekly,clicked,not_clicked,33,41,48
clicked,minute,half-monthly,clicked,not_clicked,61,77,76
clicked,minute,half-monthly,clicked,not_clicked,57,59,60
clicked,minute,hourly,not_clicked,not_clicked,43,53,58
clicked,minute,half-monthly,clicked,clicked,53,55,60
clicked,minute,daily,clicked,not_clicked,49,57,57
clicked,week,half-monthly,clicked,not_clicked,45,56,56
clicked,hour,monthly,clicked,not_clicked,35,53,53
clicked,week,hourly,not_clicked,not_clicked,24,43,42
clicked,week,daily,clicked,not_clicked,34,44,45
clicked,hour,half-monthly,clicked,not_clicked,28,46,45
not_clicked,week,daily,not_clicked,not_clicked,38,37,34
not_clicked,hour,half-monthly,clicked,not_clicked,51,42,30
not_clicked,minute,hourly,clicked,not_clicked,48,48,44
clicked,minute,monthly,clicked,not_clicked,54,56,53
clicked,week,hourly,clicked,clicked,72,80,79
clicked,week,hourly,clicked,clicked,36,59,52
not_clicked,day,monthly,not_clicked,not_clicked,10,4,-5
not_clicked,hour,half-monthly,clicked,not_clicked,33,34,28
clicked,minute,monthly,clicked,not_clicked,49,57,53
clicked,minute,half-monthly,clicked,not_clicked,45,62,61
clicked,minute,weekly,clicked,not_clicked,34,40,43
clicked,week,monthly,clicked,not_clicked,9,9,10
clicked,minute,daily,clicked,not_clicked,56,58,60
not_clicked,minute,monthly,not_clicked,not_clicked,40,37,31
not_clicked,minute,weekly,not_clicked,clicked,64,69,70
not_clicked,week,half-monthly,clicked,not_clicked,55,52,42
clicked,week,half-monthly,clicked,not_clicked,65,64,62
clicked,week,weekly,not_clicked,not_clicked,20,38,34
clicked,minute,daily,clicked,not_clicked,41,44,42
clicked,day,half-monthly,clicked,not_clicked,38,43,45
not_clicked,minute,daily,not_clicked,clicked,49,40,43
clicked,week,daily,clicked,not_clicked,38,39,46
not_clicked,week,hourly,clicked,clicked,74,70,71
clicked,week,half-monthly,clicked,not_clicked,45,57,54
clicked,hour,half-monthly,clicked,not_clicked,62,73,73
clicked,week,monthly,clicked,not_clicked,40,48,52
clicked,minute,hourly,clicked,not_clicked,17,25,18
not_clicked,minute,hourly,clicked,not_clicked,68,58,63
not_clicked,minute,weekly,clicked,not_clicked,75,61,64
not_clicked,week,half-monthly,not_clicked,clicked,45,53,48
clicked,week,monthly,not_clicked,not_clicked,15,41,34
not_clicked,day,hourly,not_clicked,not_clicked,42,43,36
not_clicked,week,monthly,not_clicked,clicked,38,31,32
not_clicked,hour,daily,clicked,clicked,80,76,66
clicked,minute,hourly,not_clicked,not_clicked,41,38,42
not_clicked,minute,daily,clicked,clicked,80,77,79
not_clicked,day,half-monthly,not_clicked,clicked,49,50,43
not_clicked,minute,half-monthly,clicked,not_clicked,41,28,26
not_clicked,minute,daily,not_clicked,not_clicked,29,37,26
clicked,week,half-monthly,clicked,clicked,24,31,35
not_clicked,minute,daily,clicked,not_clicked,47,44,50
not_clicked,day,monthly,clicked,not_clicked,59,40,45
clicked,day,hourly,clicked,clicked,46,54,61
clicked,week,monthly,clicked,not_clicked,55,68,65
not_clicked,minute,half-monthly,clicked,not_clicked,64,64,60
not_clicked,hour,monthly,clicked,not_clicked,51,54,44
clicked,day,monthly,not_clicked,clicked,47,60,61
clicked,minute,half-monthly,clicked,clicked,60,72,68
not_clicked,minute,daily,clicked,not_clicked,66,56,54
clicked,minute,half-monthly,clicked,not_clicked,56,54,53
not_clicked,minute,monthly,clicked,not_clicked,21,32,31
clicked,minute,half-monthly,not_clicked,clicked,54,68,70
clicked,day,half-monthly,not_clicked,not_clicked,52,61,59
clicked,minute,monthly,clicked,clicked,54,59,60
not_clicked,day,monthly,clicked,not_clicked,50,45,40
clicked,day,hourly,clicked,clicked,45,61,61
clicked,minute,half-monthly,clicked,not_clicked,39,50,45
clicked,minute,monthly,not_clicked,not_clicked,44,42,48
clicked,day,monthly,clicked,not_clicked,30,33,35
clicked,minute,daily,clicked,clicked,49,59,61
not_clicked,week,half-monthly,not_clicked,clicked,31,36,33
clicked,hour,monthly,clicked,clicked,48,60,56
clicked,minute,daily,clicked,clicked,65,66,78
clicked,hour,half-monthly,clicked,clicked,45,50,54
clicked,day,half-monthly,clicked,not_clicked,53,59,59
clicked,day,daily,clicked,not_clicked,42,47,47
not_clicked,week,half-monthly,not_clicked,not_clicked,57,47,44
not_clicked,minute,half-monthly,clicked,not_clicked,49,46,41
clicked,minute,half-monthly,not_clicked,not_clicked,23,40,38
not_clicked,minute,half-monthly,clicked,not_clicked,70,67,65
not_clicked,week,daily,not_clicked,not_clicked,54,57,53
not_clicked,week,half-monthly,clicked,not_clicked,53,46,43
clicked,minute,daily,not_clicked,not_clicked,35,51,49
clicked,week,monthly,clicked,not_clicked,45,49,47
not_clicked,minute,half-monthly,clicked,not_clicked,60,43,43
clicked,week,half-monthly,not_clicked,clicked,30,40,40
clicked,week,daily,not_clicked,clicked,43,53,51
clicked,day,hourly,not_clicked,not_clicked,57,65,67
not_clicked,week,daily,clicked,not_clicked,53,54,41
not_clicked,minute,half-monthly,clicked,clicked,61,52,57
clicked,week,monthly,not_clicked,not_clicked,46,56,48
not_clicked,minute,half-monthly,not_clicked,not_clicked,32,37,30
clicked,week,daily,clicked,not_clicked,49,58,56
clicked,week,half-monthly,clicked,clicked,45,64,64
clicked,minute,monthly,clicked,clicked,49,57,58
clicked,day,daily,clicked,clicked,30,44,46
clicked,minute,daily,clicked,clicked,53,58,56
clicked,week,half-monthly,clicked,clicked,50,62,56
not_clicked,minute,half-monthly,not_clicked,not_clicked,61,55,58
not_clicked,minute,daily,not_clicked,not_clicked,43,41,40
clicked,minute,monthly,clicked,not_clicked,47,52,54
not_clicked,day,monthly,clicked,not_clicked,40,48,40
not_clicked,day,monthly,clicked,not_clicked,42,35,34
clicked,week,half-monthly,not_clicked,clicked,9,20,24
not_clicked,day,daily,clicked,clicked,42,46,48
clicked,minute,weekly,clicked,clicked,74,79,80
not_clicked,minute,daily,clicked,clicked,65,55,48
not_clicked,minute,half-monthly,not_clicked,not_clicked,57,58,53
not_clicked,hour,monthly,not_clicked,not_clicked,33,38,24
not_clicked,minute,daily,not_clicked,not_clicked,73,70,63
clicked,week,half-monthly,clicked,not_clicked,29,33,33
clicked,minute,half-monthly,not_clicked,not_clicked,53,56,58
clicked,week,hourly,not_clicked,clicked,46,54,61
clicked,minute,half-monthly,clicked,not_clicked,57,57,53
clicked,week,half-monthly,clicked,not_clicked,29,43,36
clicked,minute,daily,not_clicked,not_clicked,59,69,66
clicked,week,half-monthly,clicked,clicked,55,62,70
clicked,hour,hourly,clicked,not_clicked,39,52,50
clicked,minute,half-monthly,clicked,clicked,37,58,59
not_clicked,week,monthly,not_clicked,not_clicked,46,46,39
clicked,minute,hourly,clicked,clicked,59,61,62
clicked,day,half-monthly,clicked,not_clicked,37,47,52
not_clicked,hour,hourly,clicked,clicked,67,64,67
clicked,minute,daily,clicked,not_clicked,43,44,47
clicked,day,half-monthly,not_clicked,clicked,39,43,44
not_clicked,hour,hourly,not_clicked,not_clicked,42,52,45
not_clicked,minute,monthly,clicked,not_clicked,26,14,16
not_clicked,week,daily,clicked,not_clicked,46,39,32
not_clicked,minute,monthly,clicked,not_clicked,69,67,59
clicked,minute,half-monthly,not_clicked,clicked,22,41,38
not_clicked,week,daily,clicked,clicked,73,64,70
clicked,minute,half-monthly,clicked,clicked,60,65,65
clicked,minute,daily,clicked,not_clicked,78,80,79
not_clicked,minute,weekly,clicked,not_clicked,61,61,64
clicked,day,half-monthly,clicked,clicked,40,50,54
clicked,day,half-monthly,not_clicked,clicked,56,74,67
not_clicked,week,half-monthly,clicked,clicked,53,58,52
clicked,week,half-monthly,clicked,clicked,76,76,79
clicked,week,monthly,clicked,not_clicked,56,56,54
not_clicked,minute,half-monthly,not_clicked,clicked,71,53,60
clicked,week,daily,not_clicked,not_clicked,42,52,50
not_clicked,minute,half-monthly,not_clicked,clicked,35,39,39
clicked,day,half-monthly,not_clicked,clicked,54,70,68
not_clicked,week,monthly,clicked,not_clicked,30,28,22
not_clicked,day,daily,clicked,not_clicked,27,23,21
not_clicked,minute,daily,clicked,clicked,61,54,51
clicked,minute,half-monthly,clicked,clicked,45,55,57
not_clicked,minute,half-monthly,clicked,clicked,48,31,37
clicked,minute,monthly,not_clicked,not_clicked,53,72,64
not_clicked,week,daily,clicked,not_clicked,33,19,17
clicked,day,half-monthly,not_clicked,clicked,48,57,60
not_clicked,hour,half-monthly,not_clicked,not_clicked,35,26,23
clicked,week,daily,clicked,clicked,67,69,74
not_clicked,minute,half-monthly,clicked,not_clicked,35,27,24
clicked,minute,daily,not_clicked,not_clicked,33,38,37
not_clicked,week,weekly,clicked,not_clicked,47,37,39
not_clicked,week,half-monthly,clicked,not_clicked,72,59,64
clicked,day,daily,not_clicked,clicked,33,46,53
not_clicked,minute,half-monthly,clicked,not_clicked,61,51,53
not_clicked,week,monthly,not_clicked,not_clicked,41,40,35
not_clicked,minute,hourly,clicked,not_clicked,60,53,52
clicked,hour,half-monthly,not_clicked,not_clicked,17,37,36
clicked,week,monthly,clicked,not_clicked,61,64,62
clicked,week,half-monthly,clicked,clicked,39,53,52
not_clicked,day,daily,not_clicked,not_clicked,35,35,27
not_clicked,minute,half-monthly,clicked,not_clicked,52,59,54
not_clicked,minute,monthly,clicked,not_clicked,49,55,51
not_clicked,week,daily,clicked,not_clicked,49,44,48
clicked,week,hourly,not_clicked,not_clicked,30,40,39
not_clicked,day,daily,clicked,clicked,67,64,66
not_clicked,minute,half-monthly,clicked,clicked,51,49,48
not_clicked,minute,daily,clicked,not_clicked,48,52,45
not_clicked,week,weekly,not_clicked,clicked,59,57,55
clicked,week,half-monthly,clicked,clicked,57,70,65
not_clicked,week,half-monthly,not_clicked,not_clicked,38,35,33
clicked,minute,half-monthly,clicked,not_clicked,64,75,72
not_clicked,minute,daily,clicked,not_clicked,35,38,32
not_clicked,minute,hourly,not_clicked,clicked,50,48,52
clicked,minute,daily,not_clicked,clicked,32,39,45
not_clicked,day,daily,clicked,clicked,49,57,57
clicked,week,monthly,not_clicked,not_clicked,33,52,44
clicked,minute,half-monthly,clicked,not_clicked,28,38,34
not_clicked,minute,half-monthly,clicked,clicked,58,61,66
clicked,day,monthly,clicked,not_clicked,42,42,43
not_clicked,minute,daily,clicked,not_clicked,40,43,39
clicked,day,monthly,clicked,not_clicked,54,52,52
clicked,week,monthly,clicked,clicked,38,55,57
not_clicked,day,monthly,clicked,clicked,56,42,40
clicked,minute,half-monthly,clicked,not_clicked,48,51,55
not_clicked,hour,daily,not_clicked,not_clicked,38,40,37
not_clicked,day,monthly,clicked,not_clicked,32,28,29
not_clicked,minute,hourly,clicked,not_clicked,55,53,54
clicked,day,half-monthly,not_clicked,clicked,32,47,52
clicked,week,hourly,not_clicked,not_clicked,42,58,59
not_clicked,day,daily,clicked,not_clicked,46,45,40
clicked,day,half-monthly,not_clicked,not_clicked,29,38,35
clicked,day,monthly,clicked,not_clicked,46,52,50
clicked,week,daily,not_clicked,not_clicked,15,24,23
clicked,hour,daily,clicked,clicked,52,59,62
not_clicked,minute,half-monthly,clicked,clicked,74,65,62
clicked,minute,half-monthly,not_clicked,not_clicked,26,36,37
clicked,day,weekly,clicked,not_clicked,57,70,64
clicked,day,monthly,not_clicked,clicked,56,65,62
clicked,week,half-monthly,clicked,clicked,32,39,42
not_clicked,week,hourly,clicked,clicked,71,61,59
clicked,day,half-monthly,clicked,clicked,12,31,24
clicked,minute,half-monthly,not_clicked,not_clicked,52,59,57
clicked,day,daily,clicked,not_clicked,-1,18,12
not_clicked,week,half-monthly,not_clicked,not_clicked,48,45,41
clicked,week,weekly,not_clicked,not_clicked,32,45,41
clicked,day,monthly,clicked,not_clicked,28,42,40
clicked,minute,daily,not_clicked,not_clicked,40,46,50
not_clicked,minute,monthly,not_clicked,not_clicked,46,54,49
not_clicked,minute,half-monthly,clicked,clicked,69,64,57
clicked,day,monthly,clicked,not_clicked,22,32,31
clicked,minute,half-monthly,not_clicked,clicked,37,48,53
not_clicked,minute,monthly,clicked,not_clicked,50,50,50
clicked,minute,half-monthly,not_clicked,not_clicked,50,64,61
not_clicked,minute,daily,clicked,not_clicked,49,40,34
clicked,week,half-monthly,clicked,not_clicked,32,35,37
not_clicked,week,half-monthly,clicked,clicked,47,53,48
not_clicked,week,half-monthly,clicked,clicked,56,60,53
clicked,minute,half-monthly,clicked,not_clicked,67,74,75
clicked,day,daily,clicked,not_clicked,62,65,67
clicked,week,daily,clicked,not_clicked,53,56,58
not_clicked,hour,daily,not_clicked,not_clicked,55,61,54
clicked,minute,daily,not_clicked,not_clicked,44,54,55
clicked,minute,monthly,not_clicked,not_clicked,21,25,20
not_clicked,week,monthly,clicked,not_clicked,70,55,49
not_clicked,day,hourly,clicked,not_clicked,39,34,31
not_clicked,hour,half-monthly,clicked,not_clicked,31,11,16
not_clicked,hour,monthly,not_clicked,not_clicked,25,27,29
clicked,week,weekly,clicked,clicked,34,44,47
not_clicked,minute,half-monthly,clicked,clicked,67,64,56
clicked,week,monthly,clicked,not_clicked,52,60,63
not_clicked,day,half-monthly,clicked,clicked,74,66,67
clicked,hour,hourly,clicked,not_clicked,25,39,44
not_clicked,minute,hourly,not_clicked,clicked,41,50,56
clicked,day,monthly,not_clicked,not_clicked,40,52,48
clicked,week,half-monthly,clicked,not_clicked,57,71,68
clicked,hour,half-monthly,clicked,clicked,65,70,72
clicked,minute,hourly,not_clicked,not_clicked,58,70,73
not_clicked,minute,daily,not_clicked,clicked,29,32,31
clicked,day,monthly,not_clicked,not_clicked,51,67,62
clicked,week,half-monthly,not_clicked,not_clicked,28,38,32
not_clicked,week,monthly,clicked,not_clicked,42,47,38
clicked,week,half-monthly,not_clicked,clicked,36,48,50
clicked,week,half-monthly,clicked,not_clicked,45,49,56
clicked,minute,half-monthly,not_clicked,clicked,49,66,61
not_clicked,day,half-monthly,clicked,not_clicked,48,34,33
clicked,hour,daily,not_clicked,not_clicked,41,40,37
clicked,week,hourly,not_clicked,clicked,54,66,69
not_clicked,hour,hourly,clicked,not_clicked,44,40,38
clicked,day,monthly,clicked,clicked,57,62,69
not_clicked,day,daily,clicked,not_clicked,38,30,25
clicked,week,monthly,clicked,clicked,40,44,54
not_clicked,minute,monthly,clicked,not_clicked,53,44,37
clicked,hour,monthly,clicked,clicked,55,62,59
not_clicked,day,half-monthly,not_clicked,clicked,38,37,33
clicked,week,half-monthly,clicked,not_clicked,46,57,53
clicked,minute,monthly,not_clicked,not_clicked,19,32,26
not_clicked,week,half-monthly,clicked,not_clicked,44,38,31
clicked,day,monthly,not_clicked,clicked,3,24,16
not_clicked,day,daily,not_clicked,clicked,54,57,56
clicked,minute,half-monthly,not_clicked,clicked,20,45,44
not_clicked,minute,weekly,clicked,not_clicked,70,65,64
not_clicked,week,weekly,clicked,clicked,71,65,65
not_clicked,minute,monthly,clicked,not_clicked,44,34,30
clicked,week,monthly,clicked,not_clicked,39,52,48
not_clicked,minute,half-monthly,clicked,not_clicked,60,55,49
not_clicked,week,weekly,clicked,not_clicked,51,47,47
clicked,hour,monthly,clicked,not_clicked,41,48,43
clicked,minute,daily,clicked,not_clicked,67,65,73
not_clicked,minute,half-monthly,clicked,not_clicked,62,47,41
not_clicked,week,half-monthly,clicked,not_clicked,42,44,35
clicked,day,hourly,clicked,not_clicked,77,77,76
not_clicked,day,daily,not_clicked,not_clicked,55,48,45
clicked,week,hourly,clicked,not_clicked,45,59,61
not_clicked,day,monthly,clicked,clicked,32,29,26
not_clicked,week,half-monthly,not_clicked,not_clicked,67,53,52
clicked,week,half-monthly,clicked,not_clicked,33,42,33
clicked,minute,weekly,not_clicked,not_clicked,61,66,67
not_clicked,minute,hourly,not_clicked,clicked,19,22,18
clicked,week,daily,clicked,clicked,51,51,60
not_clicked,week,half-monthly,clicked,not_clicked,77,73,71
not_clicked,minute,daily,clicked,clicked,62,62,68
not_clicked,week,monthly,not_clicked,not_clicked,39,33,32
not_clicked,day,half-monthly,clicked,not_clicked,41,22,21
not_clicked,minute,half-monthly,not_clicked,clicked,58,54,52
not_clicked,week,half-monthly,not_clicked,not_clicked,29,31,31
not_clicked,day,monthly,clicked,not_clicked,39,38,27
clicked,week,daily,clicked,clicked,50,52,56
not_clicked,day,half-monthly,clicked,clicked,62,64,58
not_clicked,minute,half-monthly,not_clicked,not_clicked,70,70,62
clicked,week,hourly,not_clicked,not_clicked,23,42,41
not_clicked,week,daily,not_clicked,not_clicked,60,44,46
not_clicked,minute,daily,clicked,not_clicked,61,62,64
not_clicked,week,half-monthly,clicked,not_clicked,37,41,34
clicked,minute,half-monthly,clicked,not_clicked,39,52,60
clicked,minute,half-monthly,clicked,not_clicked,44,56,54
not_clicked,week,hourly,clicked,clicked,43,44,46
clicked,minute,hourly,clicked,clicked,51,50,50
clicked,day,monthly,not_clicked,not_clicked,44,53,51
not_clicked,minute,hourly,not_clicked,not_clicked,35,26,24
clicked,minute,half-monthly,clicked,not_clicked,31,31,34
clicked,week,half-monthly,clicked,clicked,42,56,60
clicked,minute,half-monthly,clicked,clicked,73,80,75
not_clicked,week,monthly,not_clicked,not_clicked,34,52,39
clicked,minute,daily,not_clicked,not_clicked,49,45,54
not_clicked,minute,monthly,not_clicked,not_clicked,24,31,28
clicked,minute,daily,clicked,clicked,66,65,71
clicked,minute,half-monthly,clicked,not_clicked,65,72,65
clicked,hour,weekly,not_clicked,not_clicked,30,47,53
not_clicked,minute,half-monthly,clicked,clicked,68,54,55
clicked,minute,half-monthly,clicked,not_clicked,39,42,49
clicked,minute,half-monthly,not_clicked,not_clicked,12,14,18
not_clicked,day,monthly,not_clicked,not_clicked,16,9,7
clicked,day,half-monthly,not_clicked,clicked,43,58,59
not_clicked,minute,half-monthly,clicked,clicked,47,34,43
clicked,minute,half-monthly,clicked,clicked,45,58,62
not_clicked,minute,weekly,clicked,not_clicked,65,64,69
clicked,week,weekly,clicked,not_clicked,53,58,54
clicked,hour,monthly,not_clicked,clicked,14,28,21
clicked,minute,hourly,not_clicked,clicked,73,80,80
clicked,minute,half-monthly,not_clicked,not_clicked,47,64,64
not_clicked,minute,daily,clicked,not_clicked,68,57,57
not_clicked,day,monthly,clicked,not_clicked,37,28,31
clicked,minute,daily,clicked,clicked,59,64,71
clicked,week,hourly,not_clicked,not_clicked,47,55,52
not_clicked,minute,hourly,clicked,clicked,50,44,50
not_clicked,minute,hourly,not_clicked,not_clicked,30,22,28
clicked,hour,daily,clicked,not_clicked,49,64,62
clicked,week,hourly,clicked,clicked,32,41,46
clicked,week,hourly,not_clicked,clicked,27,42,46
clicked,day,half-monthly,not_clicked,not_clicked,26,41,35
clicked,minute,daily,clicked,not_clicked,48,50,46
not_clicked,minute,hourly,clicked,clicked,80,80,80
clicked,week,monthly,clicked,not_clicked,24,41,32
clicked,week,half-monthly,clicked,clicked,37,57,60
not_clicked,day,daily,clicked,clicked,71,76,71
not_clicked,minute,monthly,not_clicked,not_clicked,49,50,47
clicked,week,monthly,not_clicked,not_clicked,15,33,26
not_clicked,minute,monthly,clicked,not_clicked,52,46,46
clicked,day,half-monthly,not_clicked,not_clicked,34,45,45
not_clicked,minute,monthly,not_clicked,not_clicked,54,50,49
not_clicked,minute,half-monthly,clicked,clicked,54,44,40
not_clicked,minute,half-monthly,not_clicked,not_clicked,44,36,32
clicked,minute,monthly,not_clicked,clicked,45,41,51
not_clicked,minute,half-monthly,not_clicked,clicked,26,23,24
clicked,week,half-monthly,not_clicked,not_clicked,28,36,31
not_clicked,week,daily,not_clicked,clicked,47,54,50
not_clicked,minute,daily,not_clicked,not_clicked,42,37,42
not_clicked,minute,half-monthly,not_clicked,clicked,41,51,53
not_clicked,week,hourly,not_clicked,clicked,50,55,54
not_clicked,week,half-monthly,clicked,clicked,78,67,70
not_clicked,minute,daily,not_clicked,not_clicked,50,43,38
not_clicked,hour,half-monthly,clicked,not_clicked,47,37,33
clicked,minute,monthly,not_clicked,not_clicked,37,38,37
not_clicked,minute,daily,clicked,clicked,65,61,65
not_clicked,minute,half-monthly,clicked,clicked,57,48,49
not_clicked,week,weekly,not_clicked,clicked,52,46,52
clicked,minute,weekly,clicked,not_clicked,58,71,76
not_clicked,week,monthly,clicked,not_clicked,61,46,44
not_clicked,hour,half-monthly,not_clicked,clicked,41,42,41
clicked,day,monthly,clicked,not_clicked,38,48,41
clicked,week,half-monthly,clicked,not_clicked,34,41,38
not_clicked,day,monthly,clicked,not_clicked,62,62,60
clicked,minute,daily,not_clicked,not_clicked,29,38,40
not_clicked,day,half-monthly,not_clicked,clicked,29,30,32
clicked,minute,monthly,not_clicked,clicked,37,55,53
not_clicked,minute,monthly,clicked,not_clicked,74,53,51
clicked,minute,daily,clicked,clicked,55,57,63
clicked,minute,half-monthly,not_clicked,not_clicked,54,54,52
not_clicked,week,monthly,clicked,clicked,38,32,34
clicked,week,daily,clicked,not_clicked,42,49,49
not_clicked,minute,half-monthly,clicked,not_clicked,52,37,42
not_clicked,week,daily,clicked,not_clicked,64,67,61
clicked,minute,weekly,clicked,not_clicked,72,80,80
clicked,minute,monthly,clicked,not_clicked,25,43,39
not_clicked,week,monthly,clicked,not_clicked,55,61,51
clicked,hour,daily,clicked,not_clicked,36,38,44
clicked,minute,half-monthly,not_clicked,not_clicked,28,34,33
clicked,minute,half-monthly,clicked,not_clicked,80,80,80
clicked,week,half-monthly,not_clicked,clicked,45,56,55
not_clicked,minute,daily,clicked,not_clicked,52,37,38
clicked,minute,daily,clicked,not_clicked,42,50,52
not_clicked,hour,half-monthly,clicked,clicked,46,48,44
not_clicked,week,daily,clicked,not_clicked,43,43,40
clicked,minute,half-monthly,clicked,not_clicked,48,56,47
clicked,day,hourly,clicked,not_clicked,55,64,60
clicked,minute,hourly,clicked,not_clicked,69,80,80
not_clicked,week,half-monthly,clicked,clicked,58,52,49
clicked,hour,monthly,not_clicked,clicked,33,30,40
clicked,minute,daily,not_clicked,not_clicked,29,45,41
clicked,hour,daily,clicked,not_clicked,34,43,47
clicked,week,daily,clicked,clicked,44,62,57
not_clicked,day,daily,not_clicked,clicked,40,42,40
not_clicked,week,half-monthly,clicked,not_clicked,42,45,38
not_clicked,minute,monthly,clicked,clicked,35,21,28
clicked,week,half-monthly,clicked,not_clicked,71,75,74
clicked,day,monthly,not_clicked,not_clicked,2,4,3
not_clicked,minute,half-monthly,clicked,not_clicked,61,58,58
not_clicked,day,half-monthly,clicked,clicked,59,65,66
clicked,hour,daily,clicked,clicked,58,67,71
clicked,week,half-monthly,clicked,not_clicked,54,55,62
not_clicked,hour,monthly,clicked,not_clicked,37,31,34
clicked,week,half-monthly,clicked,not_clicked,20,39,31
not_clicked,minute,half-monthly,clicked,clicked,61,55,56
clicked,hour,half-monthly,not_clicked,not_clicked,24,25,25
clicked,minute,daily,not_clicked,clicked,47,66,63
not_clicked,minute,monthly,not_clicked,clicked,66,61,55
clicked,day,half-monthly,clicked,clicked,45,62,58
clicked,minute,half-monthly,not_clicked,not_clicked,35,56,56
clicked,minute,hourly,not_clicked,not_clicked,42,52,54
not_clicked,hour,monthly,clicked,not_clicked,43,43,42
clicked,minute,weekly,clicked,clicked,68,79,75
not_clicked,week,monthly,not_clicked,not_clicked,42,35,35
clicked,week,monthly,not_clicked,clicked,39,51,45
clicked,minute,daily,clicked,clicked,48,58,57
clicked,minute,daily,not_clicked,not_clicked,57,66,66
